timestamp,scope,run_name,trial,episode,episodes_total,steps,episode_reward,total_reward,avg_reward,epsilon,memory_rss_mb,done,status,error,checkpoint_file
2026-05-31T12:53:32.656106,Learning_DQN,full_run_train_20260531_125332,,1,300,335,-1.2060583793349313,-1.2060583793349313,-1.2060583793349313,1.0,524.0,1,ok,,DQN\dqn_model
2026-05-31T12:53:33.439673,Learning_DQN,full_run_train_20260531_125332,,2,300,335,-1.7551498904627931,-2.961208269797725,-1.4806041348988626,1.0,524.38,1,ok,,DQN\dqn_model
2026-05-31T12:53:34.204326,Learning_DQN,full_run_train_20260531_125332,,3,300,335,-1.321028515333663,-4.282236785131391,-1.4274122617104636,1.0,524.84,1,ok,,DQN\dqn_model
2026-05-31T12:53:34.989634,Learning_DQN,full_run_train_20260531_125332,,4,300,335,-1.5274265007857881,-5.80966328591718,-1.452415821479295,1.0,525.27,1,ok,,DQN\dqn_model
2026-05-31T12:53:35.817184,Learning_DQN,full_run_train_20260531_125332,,5,300,335,-1.4292445011021142,-7.238907787019299,-1.4477815574038597,1.0,525.71,1,ok,,DQN\dqn_model
2026-05-31T12:53:36.601835,Learning_DQN,full_run_train_20260531_125332,,6,300,335,-0.8831795062565155,-8.122087293275808,-1.3536812155459679,1.0,526.16,1,ok,,DQN\dqn_model
2026-05-31T12:53:37.393677,Learning_DQN,full_run_train_20260531_125332,,7,300,335,-1.2426817158067864,-9.3647690090826,-1.3378241441546572,1.0,526.55,1,ok,,DQN\dqn_model
2026-05-31T12:53:38.216686,Learning_DQN,full_run_train_20260531_125332,,8,300,335,-1.662505806799913,-11.0272748158825,-1.3784093519853124,1.0,527.05,1,ok,,DQN\dqn_model
2026-05-31T12:53:39.098275,Learning_DQN,full_run_train_20260531_125332,,9,300,335,-0.9730691765517661,-12.000343992434273,-1.3333715547149192,1.0,527.48,1,ok,,DQN\dqn_model
2026-05-31T12:53:39.907549,Learning_DQN,full_run_train_20260531_125332,,10,300,335,-0.8044351521533415,-12.804779144587611,-1.280477914458761,1.0,528.05,1,ok,,DQN\dqn_model
2026-05-31T12:53:40.705057,Learning_DQN,full_run_train_20260531_125332,,11,300,335,-2.0345072635094783,-14.839286408097083,-1.349026037099735,1.0,528.5,1,ok,,DQN\dqn_model
2026-05-31T12:53:41.494216,Learning_DQN,full_run_train_20260531_125332,,12,300,335,-1.9358428953872797,-16.775129303484363,-1.3979274419570302,1.0,529.06,1,ok,,DQN\dqn_model
2026-05-31T12:53:42.317279,Learning_DQN,full_run_train_20260531_125332,,13,300,335,-0.9980210028641534,-17.77315030634852,-1.3671654081806552,1.0,529.51,1,ok,,DQN\dqn_model
2026-05-31T12:53:43.190812,Learning_DQN,full_run_train_20260531_125332,,14,300,335,-0.2517086205789456,-18.02485892692742,-1.2874899233519586,1.0,529.95,1,ok,,DQN\dqn_model
2026-05-31T12:53:44.087086,Learning_DQN,full_run_train_20260531_125332,,15,300,335,-1.7120931732968228,-19.73695210022426,-1.3157968066816175,1.0,530.49,1,ok,,DQN\dqn_model
2026-05-31T12:53:44.930999,Learning_DQN,full_run_train_20260531_125332,,16,300,335,-1.0343611665118606,-20.77131326673613,-1.298207079171008,1.0,530.95,1,ok,,DQN\dqn_model
2026-05-31T12:53:45.744050,Learning_DQN,full_run_train_20260531_125332,,17,300,335,-0.7585194410203627,-21.529832707756473,-1.2664607475150866,1.0,531.45,1,ok,,DQN\dqn_model
2026-05-31T12:53:46.560573,Learning_DQN,full_run_train_20260531_125332,,18,300,335,-0.5530828376158055,-22.08291554537228,-1.226828641409571,1.0,531.96,1,ok,,DQN\dqn_model
2026-05-31T12:53:47.368496,Learning_DQN,full_run_train_20260531_125332,,19,300,335,-1.6109179967528588,-23.693833542125148,-1.2470438706381657,1.0,532.36,1,ok,,DQN\dqn_model
2026-05-31T12:53:48.187817,Learning_DQN,full_run_train_20260531_125332,,20,300,335,-1.2072440495910746,-24.901077591716216,-1.2450538795858108,1.0,533.03,1,ok,,DQN\dqn_model
2026-05-31T12:53:49.051494,Learning_DQN,full_run_train_20260531_125332,,21,300,335,-0.9840537254537216,-25.885131317169947,-1.2326253008176165,1.0,533.47,1,ok,,DQN\dqn_model
2026-05-31T12:53:49.917076,Learning_DQN,full_run_train_20260531_125332,,22,300,335,-1.323114256985981,-27.208245574155903,-1.2367384351889046,1.0,533.92,1,ok,,DQN\dqn_model
2026-05-31T12:53:50.749255,Learning_DQN,full_run_train_20260531_125332,,23,300,335,-1.6385177314205073,-28.846763305576424,-1.2542071002424533,1.0,534.43,1,ok,,DQN\dqn_model
2026-05-31T12:53:51.565974,Learning_DQN,full_run_train_20260531_125332,,24,300,335,-0.904646391649851,-29.751409697226297,-1.2396420707177624,1.0,534.93,1,ok,,DQN\dqn_model
2026-05-31T12:53:52.389170,Learning_DQN,full_run_train_20260531_125332,,25,300,335,-1.354745629909921,-31.106155327136182,-1.2442462130854473,1.0,535.41,1,ok,,DQN\dqn_model
2026-05-31T12:53:53.200441,Learning_DQN,full_run_train_20260531_125332,,26,300,335,-0.6586681334409002,-31.76482346057706,-1.2217239792529637,1.0,536.07,1,ok,,DQN\dqn_model
2026-05-31T12:53:54.041759,Learning_DQN,full_run_train_20260531_125332,,27,300,335,-1.8802583674460058,-33.64508182802303,-1.2461141417786308,1.0,536.61,1,ok,,DQN\dqn_model
2026-05-31T12:53:54.872071,Learning_DQN,full_run_train_20260531_125332,,28,300,335,-1.1432274119806962,-34.788309240003706,-1.242439615714418,1.0,537.09,1,ok,,DQN\dqn_model
2026-05-31T12:53:55.734351,Learning_DQN,full_run_train_20260531_125332,,29,300,335,-1.1612966051256053,-35.94960584512933,-1.2396415808665284,1.0,537.74,1,ok,,DQN\dqn_model
2026-05-31T12:53:56.574861,Learning_DQN,full_run_train_20260531_125332,,30,300,335,-1.084662164947423,-37.034268010076694,-1.2344756003358899,1.0,538.25,1,ok,,DQN\dqn_model
2026-05-31T12:53:57.428966,Learning_DQN,full_run_train_20260531_125332,,31,300,335,-2.127747333511228,-39.16201534358786,-1.2632908175350923,1.0,538.63,1,ok,,DQN\dqn_model
2026-05-31T12:53:58.308415,Learning_DQN,full_run_train_20260531_125332,,32,300,335,-0.6264573381548076,-39.788472681742654,-1.243389771304458,1.0,539.2,1,ok,,DQN\dqn_model
2026-05-31T12:53:59.171052,Learning_DQN,full_run_train_20260531_125332,,33,300,335,-0.6025269988961047,-40.390999680638764,-1.2239696872920838,1.0,539.64,1,ok,,DQN\dqn_model
2026-05-31T12:54:00.065479,Learning_DQN,full_run_train_20260531_125332,,34,300,335,-0.8787310955233851,-41.269730776162156,-1.213815611063593,1.0,540.15,1,ok,,DQN\dqn_model
2026-05-31T12:54:00.945220,Learning_DQN,full_run_train_20260531_125332,,35,300,335,-0.8130176574721186,-42.08274843363423,-1.202364240960978,1.0,540.66,1,ok,,DQN\dqn_model
2026-05-31T12:54:01.822282,Learning_DQN,full_run_train_20260531_125332,,36,300,335,-1.7532972660361736,-43.836045699670414,-1.217667936101956,1.0,541.28,1,ok,,DQN\dqn_model
2026-05-31T12:54:02.707094,Learning_DQN,full_run_train_20260531_125332,,37,300,335,-1.4660210419959814,-45.30206674166638,-1.2243801822071994,1.0,541.81,1,ok,,DQN\dqn_model
2026-05-31T12:54:03.608795,Learning_DQN,full_run_train_20260531_125332,,38,300,335,-1.7267598873123213,-47.028826628978756,-1.2376007007625989,1.0,542.3,1,ok,,DQN\dqn_model
2026-05-31T12:54:04.474001,Learning_DQN,full_run_train_20260531_125332,,39,300,335,-1.4426470148341903,-48.47147364381298,-1.242858298559307,1.0,542.8,1,ok,,DQN\dqn_model
2026-05-31T12:54:05.334939,Learning_DQN,full_run_train_20260531_125332,,40,300,335,-1.8820546539707652,-50.35352829778377,-1.2588382074445943,1.0,543.25,1,ok,,DQN\dqn_model
2026-05-31T12:54:06.196553,Learning_DQN,full_run_train_20260531_125332,,41,300,335,-1.061785389405236,-51.41531368718903,-1.2540320411509518,1.0,543.75,1,ok,,DQN\dqn_model
2026-05-31T12:54:07.065098,Learning_DQN,full_run_train_20260531_125332,,42,300,335,-0.9253511822812495,-52.34066486947027,-1.2462063064159588,1.0,544.25,1,ok,,DQN\dqn_model
2026-05-31T12:54:07.944554,Learning_DQN,full_run_train_20260531_125332,,43,300,335,-2.5588272386110966,-54.899492108081326,-1.2767323746065424,1.0,544.7,1,ok,,DQN\dqn_model
2026-05-31T12:54:08.814794,Learning_DQN,full_run_train_20260531_125332,,44,300,335,-1.2306142110740832,-56.13010631915544,-1.27568423452626,1.0,545.27,1,ok,,DQN\dqn_model
2026-05-31T12:54:09.706238,Learning_DQN,full_run_train_20260531_125332,,45,300,335,-0.6354955397377886,-56.765601858893284,-1.2614578190865173,1.0,545.71,1,ok,,DQN\dqn_model
2026-05-31T12:54:10.633936,Learning_DQN,full_run_train_20260531_125332,,46,300,335,-0.6308809374631074,-57.396482796356395,-1.2477496260077476,1.0,546.34,1,ok,,DQN\dqn_model
2026-05-31T12:54:11.507492,Learning_DQN,full_run_train_20260531_125332,,47,300,335,-1.2584023025131459,-58.654885098869585,-1.247976278699353,1.0,546.79,1,ok,,DQN\dqn_model
2026-05-31T12:54:12.366848,Learning_DQN,full_run_train_20260531_125332,,48,300,335,-1.0299090749875277,-59.68479417385717,-1.2434332119553577,1.0,547.24,1,ok,,DQN\dqn_model
2026-05-31T12:54:13.260111,Learning_DQN,full_run_train_20260531_125332,,49,300,335,-1.2309090694000842,-60.915703243257255,-1.2431776172093318,1.0,547.87,1,ok,,DQN\dqn_model
2026-05-31T12:54:14.115158,Learning_DQN,full_run_train_20260531_125332,,50,300,335,-1.1074922791790518,-62.0231955224363,-1.240463910448726,1.0,548.29,1,ok,,DQN\dqn_model
2026-05-31T12:54:15.043858,Learning_DQN,full_run_train_20260531_125332,,51,300,335,-1.9826473951581731,-64.00584291759446,-1.25501652779597,1.0,549.13,1,ok,,DQN\dqn_model
2026-05-31T12:54:15.941075,Learning_DQN,full_run_train_20260531_125332,,52,300,335,-1.0055139703682474,-65.01135688796272,-1.2502184016915907,1.0,549.55,1,ok,,DQN\dqn_model
2026-05-31T12:54:16.808953,Learning_DQN,full_run_train_20260531_125332,,53,300,335,-0.793429275120746,-65.80478616308345,-1.2415997389261029,1.0,550.08,1,ok,,DQN\dqn_model
2026-05-31T12:54:17.693311,Learning_DQN,full_run_train_20260531_125332,,54,300,335,-0.20087756499949017,-66.00566372808305,-1.222327106075612,1.0,550.59,1,ok,,DQN\dqn_model
2026-05-31T12:54:18.580717,Learning_DQN,full_run_train_20260531_125332,,55,300,335,-0.9247223332664162,-66.93038606134947,-1.216916110206354,1.0,550.98,1,ok,,DQN\dqn_model
2026-05-31T12:54:19.467234,Learning_DQN,full_run_train_20260531_125332,,56,300,335,-0.13940815515050053,-67.06979421650001,-1.1976748967232145,1.0,551.54,1,ok,,DQN\dqn_model
2026-05-31T12:54:20.382914,Learning_DQN,full_run_train_20260531_125332,,57,300,335,-0.8441780179987969,-67.91397223449881,-1.1914731970964705,1.0,551.98,1,ok,,DQN\dqn_model
2026-05-31T12:54:21.294222,Learning_DQN,full_run_train_20260531_125332,,58,300,335,-1.3909472789234,-69.30491951342232,-1.1949124054038331,1.0,552.79,1,ok,,DQN\dqn_model
2026-05-31T12:54:22.169163,Learning_DQN,full_run_train_20260531_125332,,59,300,335,-0.8906211943992589,-70.19554070782145,-1.1897549272512111,1.0,553.29,1,ok,,DQN\dqn_model
2026-05-31T12:54:23.055129,Learning_DQN,full_run_train_20260531_125332,,60,300,335,-1.3198035355028797,-71.51534424332435,-1.1919224040554057,1.0,553.73,1,ok,,DQN\dqn_model
2026-05-31T12:54:23.963338,Learning_DQN,full_run_train_20260531_125332,,61,300,335,-2.5030111292772923,-74.01835537260172,-1.2134156618459297,1.0,554.27,1,ok,,DQN\dqn_model
2026-05-31T12:54:24.884630,Learning_DQN,full_run_train_20260531_125332,,62,300,335,-2.274132269513257,-76.29248764211492,-1.23052399422766,1.0,554.75,1,ok,,DQN\dqn_model
2026-05-31T12:54:25.785982,Learning_DQN,full_run_train_20260531_125332,,63,300,335,-0.4235663004153546,-76.71605394253017,-1.2177151419449233,1.0,555.26,1,ok,,DQN\dqn_model
2026-05-31T12:54:26.706501,Learning_DQN,full_run_train_20260531_125332,,64,300,335,-0.9588972680597282,-77.67495121058985,-1.2136711126654665,1.0,555.76,1,ok,,DQN\dqn_model
2026-05-31T12:54:27.659336,Learning_DQN,full_run_train_20260531_125332,,65,300,335,-0.7335963535094531,-78.40854756409932,-1.2062853471399895,1.0,556.37,1,ok,,DQN\dqn_model
2026-05-31T12:54:28.574555,Learning_DQN,full_run_train_20260531_125332,,66,300,335,-0.8735797562039027,-79.28212732030325,-1.201244353337928,1.0,556.87,1,ok,,DQN\dqn_model
2026-05-31T12:54:29.587364,Learning_DQN,full_run_train_20260531_125332,,67,300,335,-1.2622625479676364,-80.54438986827076,-1.2021550726607575,1.0,557.31,1,ok,,DQN\dqn_model
2026-05-31T12:54:30.765697,Learning_DQN,full_run_train_20260531_125332,,68,300,335,-0.5499333435269931,-81.09432321179784,-1.1925635766440859,1.0,557.86,1,ok,,DQN\dqn_model
2026-05-31T12:54:31.810387,Learning_DQN,full_run_train_20260531_125332,,69,300,335,-0.6110566610876643,-81.7053798728855,-1.1841359401867464,1.0,558.3,1,ok,,DQN\dqn_model
2026-05-31T12:54:32.841840,Learning_DQN,full_run_train_20260531_125332,,70,300,335,-1.4282267494771723,-83.13360662236266,-1.1876229517480381,1.0,558.8,1,ok,,DQN\dqn_model
2026-05-31T12:54:33.891606,Learning_DQN,full_run_train_20260531_125332,,71,300,335,-1.174861730908014,-84.30846835327074,-1.1874432162432498,1.0,559.31,1,ok,,DQN\dqn_model
2026-05-31T12:54:34.910284,Learning_DQN,full_run_train_20260531_125332,,72,300,335,-2.145473296004565,-86.45394164927534,-1.2007491895732685,1.0,559.7,1,ok,,DQN\dqn_model
2026-05-31T12:54:35.916153,Learning_DQN,full_run_train_20260531_125332,,73,300,335,-1.5644910633989175,-88.01843271267433,-1.2057319549681413,1.0,560.41,1,ok,,DQN\dqn_model
2026-05-31T12:54:36.859478,Learning_DQN,full_run_train_20260531_125332,,74,300,335,-0.9065527092626453,-88.92498542193698,-1.2016889921883376,1.0,560.82,1,ok,,DQN\dqn_model
2026-05-31T12:54:37.813626,Learning_DQN,full_run_train_20260531_125332,,75,300,335,-0.38603702001970436,-89.31102244195668,-1.1908136325594223,1.0,561.35,1,ok,,DQN\dqn_model
2026-05-31T12:54:38.795641,Learning_DQN,full_run_train_20260531_125332,,76,300,335,-1.3213277317811607,-90.63235017373789,-1.1925309233386565,1.0,561.86,1,ok,,DQN\dqn_model
2026-05-31T12:54:39.812245,Learning_DQN,full_run_train_20260531_125332,,77,300,335,-1.045148908257332,-91.67749908199526,-1.1906168711947438,1.0,562.3,1,ok,,DQN\dqn_model
2026-05-31T12:54:40.852485,Learning_DQN,full_run_train_20260531_125332,,78,300,335,-0.6127346517596952,-92.29023373375497,-1.1832081247917305,1.0,562.82,1,ok,,DQN\dqn_model
2026-05-31T12:54:41.846767,Learning_DQN,full_run_train_20260531_125332,,79,300,335,-0.8319841110843375,-93.12221784483923,-1.1787622512004965,1.0,563.3,1,ok,,DQN\dqn_model
2026-05-31T12:54:42.896583,Learning_DQN,full_run_train_20260531_125332,,80,300,335,-1.3506946774457054,-94.47291252228494,-1.1809114065285617,1.0,563.87,1,ok,,DQN\dqn_model
2026-05-31T12:54:43.916923,Learning_DQN,full_run_train_20260531_125332,,81,300,335,-2.704448273435287,-97.17736079572013,-1.1997205036508658,1.0,564.31,1,ok,,DQN\dqn_model
2026-05-31T12:54:44.915098,Learning_DQN,full_run_train_20260531_125332,,82,300,335,-0.4195213451673908,-97.59688214088749,-1.1902058797669206,1.0,564.96,1,ok,,DQN\dqn_model
2026-05-31T12:54:45.919178,Learning_DQN,full_run_train_20260531_125332,,83,300,335,-2.242171077508136,-99.83905321839562,-1.2028801592577785,1.0,565.53,1,ok,,DQN\dqn_model
2026-05-31T12:54:46.934928,Learning_DQN,full_run_train_20260531_125332,,84,300,335,-0.5457676275029649,-100.38482084589857,-1.1950573910226021,1.0,565.96,1,ok,,DQN\dqn_model
2026-05-31T12:54:48.026055,Learning_DQN,full_run_train_20260531_125332,,85,300,335,-0.8478212081089516,-101.23264205400747,-1.1909722594589114,1.0,566.52,1,ok,,DQN\dqn_model
2026-05-31T12:54:49.087984,Learning_DQN,full_run_train_20260531_125332,,86,300,335,-1.176183467851628,-102.40882552185911,-1.1908002967658036,1.0,566.98,1,ok,,DQN\dqn_model
2026-05-31T12:54:50.065076,Learning_DQN,full_run_train_20260531_125332,,87,300,335,-0.7017078830654341,-103.11053340492445,-1.1851785448841892,1.0,567.48,1,ok,,DQN\dqn_model
2026-05-31T12:54:51.089032,Learning_DQN,full_run_train_20260531_125332,,88,300,335,-1.3776944086419085,-104.48822781356641,-1.1873662251541637,1.0,567.94,1,ok,,DQN\dqn_model
2026-05-31T12:54:52.081563,Learning_DQN,full_run_train_20260531_125332,,89,300,335,-2.405939651535713,-106.89416746510227,-1.2010580614056434,1.0,568.42,1,ok,,DQN\dqn_model
2026-05-31T12:54:53.077522,Learning_DQN,full_run_train_20260531_125332,,90,300,335,-1.9879699363233576,-108.88213740142557,-1.2098015266825064,1.0,568.93,1,ok,,DQN\dqn_model
2026-05-31T12:54:54.056797,Learning_DQN,full_run_train_20260531_125332,,91,300,335,-1.0890909808864633,-109.97122838231196,-1.2084750371682633,1.0,569.36,1,ok,,DQN\dqn_model
2026-05-31T12:54:55.057673,Learning_DQN,full_run_train_20260531_125332,,92,300,335,-2.2065358331362135,-112.17776421544832,-1.21932352408096,1.0,570.21,1,ok,,DQN\dqn_model
2026-05-31T12:54:56.070278,Learning_DQN,full_run_train_20260531_125332,,93,300,335,-1.556070927310412,-113.7338351427587,-1.2229444639006313,1.0,570.59,1,ok,,DQN\dqn_model
2026-05-31T12:54:57.064130,Learning_DQN,full_run_train_20260531_125332,,94,300,335,-0.6929189099521226,-114.4267540527109,-1.2173058941777757,1.0,571.09,1,ok,,DQN\dqn_model
2026-05-31T12:54:58.165659,Learning_DQN,full_run_train_20260531_125332,,95,300,335,-0.9624904700075099,-115.3892445227185,-1.2146236265549315,1.0,571.6,1,ok,,DQN\dqn_model
2026-05-31T12:54:59.426126,Learning_DQN,full_run_train_20260531_125332,,96,300,335,-1.2159610555009943,-116.60520557821957,-1.214637558106454,1.0,572.04,1,ok,,DQN\dqn_model
2026-05-31T12:55:00.697595,Learning_DQN,full_run_train_20260531_125332,,97,300,335,-1.6365422987396425,-118.24174787695918,-1.2189870915150431,1.0,572.6,1,ok,,DQN\dqn_model
2026-05-31T12:55:01.938308,Learning_DQN,full_run_train_20260531_125332,,98,300,335,-1.345276539559453,-119.58702441651867,-1.2202757593522313,1.0,573.11,1,ok,,DQN\dqn_model
2026-05-31T12:55:02.986305,Learning_DQN,full_run_train_20260531_125332,,99,300,335,-1.2029581603638557,-120.78998257688255,-1.2201008341099246,1.0,573.61,1,ok,,DQN\dqn_model
2026-05-31T12:55:04.112720,Learning_DQN,full_run_train_20260531_125332,,100,300,335,-0.9588432071952553,-121.7488257840778,-1.217488257840778,1.0,574.11,1,ok,,DQN\dqn_model
2026-05-31T12:55:05.401720,Learning_DQN,full_run_train_20260531_125332,,101,300,335,-1.5212510559739307,-123.27007684005174,-1.220495810297542,1.0,574.55,1,ok,,DQN\dqn_model
2026-05-31T12:55:06.406401,Learning_DQN,full_run_train_20260531_125332,,102,300,335,-0.7225282531113588,-123.99260509316316,-1.2156137754231682,1.0,575.01,1,ok,,DQN\dqn_model
2026-05-31T12:55:07.362314,Learning_DQN,full_run_train_20260531_125332,,103,300,335,-1.7536039750190064,-125.74620906818221,-1.2208369812444875,1.0,575.49,1,ok,,DQN\dqn_model
2026-05-31T12:55:08.322711,Learning_DQN,full_run_train_20260531_125332,,104,300,335,-1.5524843937550328,-127.29869346193732,-1.2240258986724741,1.0,576.26,1,ok,,DQN\dqn_model
2026-05-31T12:55:09.303808,Learning_DQN,full_run_train_20260531_125332,,105,300,335,-0.7122091248380448,-128.01090258677533,-1.2191514532073842,1.0,576.77,1,ok,,DQN\dqn_model
2026-05-31T12:55:10.346366,Learning_DQN,full_run_train_20260531_125332,,106,300,335,-0.5964710876847299,-128.6073736744601,-1.213277110136416,1.0,577.28,1,ok,,DQN\dqn_model
2026-05-31T12:55:11.444419,Learning_DQN,full_run_train_20260531_125332,,107,300,335,-0.9537421421219203,-129.5611158165819,-1.2108515496876813,1.0,577.79,1,ok,,DQN\dqn_model
2026-05-31T12:55:12.516128,Learning_DQN,full_run_train_20260531_125332,,108,300,335,-0.1307430822605461,-129.69185889884272,-1.200850545359655,1.0,578.23,1,ok,,DQN\dqn_model
2026-05-31T12:55:13.636783,Learning_DQN,full_run_train_20260531_125332,,109,300,335,-1.7640246744636239,-131.45588357330612,-1.206017280489047,1.0,578.74,1,ok,,DQN\dqn_model
2026-05-31T12:55:14.687489,Learning_DQN,full_run_train_20260531_125332,,110,300,335,-0.3006035981439074,-131.75648717145012,-1.1977862470131828,1.0,579.17,1,ok,,DQN\dqn_model
2026-05-31T12:55:15.756048,Learning_DQN,full_run_train_20260531_125332,,111,300,335,-1.1681653511886834,-132.92465252263904,-1.1975193920958471,1.0,579.68,1,ok,,DQN\dqn_model
2026-05-31T12:55:16.772178,Learning_DQN,full_run_train_20260531_125332,,112,300,335,-1.2145860976601925,-134.13923862029924,-1.1976717733955289,1.0,580.19,1,ok,,DQN\dqn_model
2026-05-31T12:55:17.784033,Learning_DQN,full_run_train_20260531_125332,,113,300,335,-1.0076356203898797,-135.14687424068936,-1.1959900375282244,1.0,580.63,1,ok,,DQN\dqn_model
2026-05-31T12:55:18.767641,Learning_DQN,full_run_train_20260531_125332,,114,300,335,-1.1496368046757186,-136.29651104536515,-1.1955834302225012,1.0,581.2,1,ok,,DQN\dqn_model
2026-05-31T12:55:19.867009,Learning_DQN,full_run_train_20260531_125332,,115,300,335,-0.869764078531275,-137.1662751238964,-1.1927502184686645,1.0,581.64,1,ok,,DQN\dqn_model
2026-05-31T12:55:20.875249,Learning_DQN,full_run_train_20260531_125332,,116,300,335,-0.8264322143476519,-137.99270733824414,-1.1895923046400356,1.0,582.14,1,ok,,DQN\dqn_model
2026-05-31T12:55:21.883152,Learning_DQN,full_run_train_20260531_125332,,117,300,335,-1.3500443987808999,-139.34275173702503,-1.1909636900600429,1.0,582.64,1,ok,,DQN\dqn_model
2026-05-31T12:55:22.895657,Learning_DQN,full_run_train_20260531_125332,,118,300,335,-0.8435280297334657,-140.1862797667585,-1.1880193200572755,1.0,583.08,1,ok,,DQN\dqn_model
2026-05-31T12:55:23.988373,Learning_DQN,full_run_train_20260531_125332,,119,300,335,-1.0918361442018287,-141.2781159109603,-1.1872110580752968,1.0,583.58,1,ok,,DQN\dqn_model
2026-05-31T12:55:25.057959,Learning_DQN,full_run_train_20260531_125332,,120,300,335,-1.8502474451736408,-143.12836335613417,-1.1927363613011182,1.0,584.02,1,ok,,DQN\dqn_model
2026-05-31T12:55:26.063142,Learning_DQN,full_run_train_20260531_125332,,121,300,335,-1.950362687795134,-145.07872604392932,-1.1989977359002424,1.0,584.58,1,ok,,DQN\dqn_model
2026-05-31T12:55:27.075624,Learning_DQN,full_run_train_20260531_125332,,122,300,335,-1.3459870876201239,-146.4247131315495,-1.200202566652045,1.0,585.02,1,ok,,DQN\dqn_model
2026-05-31T12:55:28.122940,Learning_DQN,full_run_train_20260531_125332,,123,300,335,-1.0361844443661707,-147.46089757591585,-1.1988690859830557,1.0,585.52,1,ok,,DQN\dqn_model
2026-05-31T12:55:29.241609,Learning_DQN,full_run_train_20260531_125332,,124,300,335,-0.8309932763641247,-148.29189085228012,-1.195902345582904,1.0,585.98,1,ok,,DQN\dqn_model
2026-05-31T12:55:30.313771,Learning_DQN,full_run_train_20260531_125332,,125,300,335,-0.18616750379286254,-148.47805835607303,-1.1878244668485842,1.0,586.44,1,ok,,DQN\dqn_model
2026-05-31T12:55:31.339989,Learning_DQN,full_run_train_20260531_125332,,126,300,335,-0.909384787867154,-149.38744314394037,-1.185614628126511,1.0,587.02,1,ok,,DQN\dqn_model
2026-05-31T12:55:32.323712,Learning_DQN,full_run_train_20260531_125332,,127,300,335,-0.633147804411344,-150.02059094835155,-1.1812644956563114,1.0,587.4,1,ok,,DQN\dqn_model
2026-05-31T12:55:33.341257,Learning_DQN,full_run_train_20260531_125332,,128,300,335,-2.395397782365595,-152.4159887307172,-1.1907499119587281,1.0,587.89,1,ok,,DQN\dqn_model
2026-05-31T12:55:34.502011,Learning_DQN,full_run_train_20260531_125332,,129,300,335,-0.9769985866833889,-153.3929873174005,-1.189092924941089,1.0,588.39,1,ok,,DQN\dqn_model
2026-05-31T12:55:35.511644,Learning_DQN,full_run_train_20260531_125332,,130,300,335,-0.9854493401120158,-154.37843665751234,-1.187526435827018,1.0,588.83,1,ok,,DQN\dqn_model
2026-05-31T12:55:36.506849,Learning_DQN,full_run_train_20260531_125332,,131,300,335,-0.9344116797896418,-155.31284833730174,-1.1855942621168072,1.0,589.98,1,ok,,DQN\dqn_model
2026-05-31T12:55:37.516435,Learning_DQN,full_run_train_20260531_125332,,132,300,335,-0.47810454778189815,-155.7909528850834,-1.1802344915536622,1.0,590.49,1,ok,,DQN\dqn_model
2026-05-31T12:55:38.666416,Learning_DQN,full_run_train_20260531_125332,,133,300,335,-0.8637789372249102,-156.65473182230878,-1.1778551264835246,1.0,591.06,1,ok,,DQN\dqn_model
2026-05-31T12:55:39.759919,Learning_DQN,full_run_train_20260531_125332,,134,300,335,-0.5822045485401246,-157.23693637084892,-1.173409972916783,1.0,591.5,1,ok,,DQN\dqn_model
2026-05-31T12:55:40.780626,Learning_DQN,full_run_train_20260531_125332,,135,300,335,-1.5528143989895773,-158.78975076983852,-1.176220376072878,1.0,592.0,1,ok,,DQN\dqn_model
2026-05-31T12:55:41.812934,Learning_DQN,full_run_train_20260531_125332,,136,300,335,-0.7814060567373822,-159.5711568265758,-1.1733173296071748,1.0,592.51,1,ok,,DQN\dqn_model
2026-05-31T12:55:42.825844,Learning_DQN,full_run_train_20260531_125332,,137,300,335,-1.5257410588671902,-161.09689788544304,-1.1758897655871754,1.0,592.89,1,ok,,DQN\dqn_model
2026-05-31T12:55:43.902203,Learning_DQN,full_run_train_20260531_125332,,138,300,335,-0.4470104248992628,-161.54390831034257,-1.1706080312343665,1.0,593.46,1,ok,,DQN\dqn_model
2026-05-31T12:55:45.068653,Learning_DQN,full_run_train_20260531_125332,,139,300,335,-0.9509417648963954,-162.49485007523896,-1.1690276983830141,1.0,593.9,1,ok,,DQN\dqn_model
2026-05-31T12:55:46.153865,Learning_DQN,full_run_train_20260531_125332,,140,300,335,-1.8361663811335833,-164.33101645637257,-1.1737929746883755,1.0,594.41,1,ok,,DQN\dqn_model
2026-05-31T12:55:47.189757,Learning_DQN,full_run_train_20260531_125332,,141,300,335,-1.663382470294069,-165.9943989266667,-1.1772652406146573,1.0,594.91,1,ok,,DQN\dqn_model
2026-05-31T12:55:48.258875,Learning_DQN,full_run_train_20260531_125332,,142,300,335,-1.1903662532276404,-167.18476517989444,-1.1773575012668622,1.0,595.35,1,ok,,DQN\dqn_model
2026-05-31T12:55:49.349766,Learning_DQN,full_run_train_20260531_125332,,143,300,335,-1.3655294741549515,-168.5502946540496,-1.178673389189158,1.0,595.92,1,ok,,DQN\dqn_model
2026-05-31T12:55:50.457545,Learning_DQN,full_run_train_20260531_125332,,144,300,335,-0.580204442146817,-169.1304990961965,-1.1745173548346979,1.0,596.36,1,ok,,DQN\dqn_model
2026-05-31T12:55:51.524828,Learning_DQN,full_run_train_20260531_125332,,145,300,335,-0.3862470545939593,-169.51674615079023,-1.1690810079364844,1.0,596.8,1,ok,,DQN\dqn_model
2026-05-31T12:55:52.582717,Learning_DQN,full_run_train_20260531_125332,,146,300,335,-2.598780658057516,-172.11552680884782,-1.1788734712934783,1.0,597.3,1,ok,,DQN\dqn_model
2026-05-31T12:55:53.660878,Learning_DQN,full_run_train_20260531_125332,,147,300,335,-1.1116465745233313,-173.22717338337117,-1.1784161454651099,1.0,597.87,1,ok,,DQN\dqn_model
2026-05-31T12:55:54.845956,Learning_DQN,full_run_train_20260531_125332,,148,300,335,-1.409143745272803,-174.63631712864412,-1.1799751157340819,1.0,598.75,1,ok,,DQN\dqn_model
2026-05-31T12:55:55.907997,Learning_DQN,full_run_train_20260531_125332,,149,300,335,-1.1232742988722477,-175.75959142751623,-1.1795945733390352,1.0,599.19,1,ok,,DQN\dqn_model
2026-05-31T12:55:56.972994,Learning_DQN,full_run_train_20260531_125332,,150,300,335,-1.0388284172180235,-176.79841984473416,-1.1786561322982276,1.0,599.76,1,ok,,DQN\dqn_model
2026-05-31T12:55:58.025844,Learning_DQN,full_run_train_20260531_125332,,151,300,335,-0.2908615536608029,-177.08928139839486,-1.1727766980026149,1.0,600.2,1,ok,,DQN\dqn_model
2026-05-31T12:55:59.165630,Learning_DQN,full_run_train_20260531_125332,,152,300,335,-1.0092402339575304,-178.09852163235232,-1.1717008002128442,1.0,600.7,1,ok,,DQN\dqn_model
2026-05-31T12:56:00.264423,Learning_DQN,full_run_train_20260531_125332,,153,300,335,-0.9507942475184397,-179.04931587987082,-1.1702569665351035,1.0,601.1,1,ok,,DQN\dqn_model
2026-05-31T12:56:01.405273,Learning_DQN,full_run_train_20260531_125332,,154,300,335,-2.5246374807399135,-181.57395336061086,-1.1790516451987718,1.0,601.58,1,ok,,DQN\dqn_model
2026-05-31T12:56:02.510013,Learning_DQN,full_run_train_20260531_125332,,155,300,335,-1.1883897851710994,-182.762343145782,-1.1791118912631098,1.0,602.15,1,ok,,DQN\dqn_model
2026-05-31T12:56:03.672901,Learning_DQN,full_run_train_20260531_125332,,156,300,335,-0.9099061805146136,-183.67224932629642,-1.1773862136301052,1.0,602.59,1,ok,,DQN\dqn_model
2026-05-31T12:56:04.765893,Learning_DQN,full_run_train_20260531_125332,,157,300,335,-0.545758911288183,-184.21800823758443,-1.1733631097935313,1.0,603.09,1,ok,,DQN\dqn_model
2026-05-31T12:56:05.975539,Learning_DQN,full_run_train_20260531_125332,,158,300,335,-0.6586087501594036,-184.87661698774366,-1.1701051708085042,1.0,603.6,1,ok,,DQN\dqn_model
2026-05-31T12:56:07.065105,Learning_DQN,full_run_train_20260531_125332,,159,300,335,-0.7218647519017192,-185.5984817396454,-1.1672860486770151,1.0,604.04,1,ok,,DQN\dqn_model
2026-05-31T12:56:08.168194,Learning_DQN,full_run_train_20260531_125332,,160,300,335,-1.4078321130104166,-187.00631385265578,-1.1687894615790986,1.0,604.55,1,ok,,DQN\dqn_model
2026-05-31T12:56:09.300767,Learning_DQN,full_run_train_20260531_125332,,161,300,335,-0.6547182376899876,-187.6610320903457,-1.165596472610843,1.0,604.98,1,ok,,DQN\dqn_model
2026-05-31T12:56:10.461057,Learning_DQN,full_run_train_20260531_125332,,162,300,335,-0.8895032394980628,-188.55053532984365,-1.1638921933940967,1.0,605.54,1,ok,,DQN\dqn_model
2026-05-31T12:56:11.534682,Learning_DQN,full_run_train_20260531_125332,,163,300,335,-1.089183037553185,-189.63971836739697,-1.1634338550147054,1.0,605.98,1,ok,,DQN\dqn_model
2026-05-31T12:56:12.670559,Learning_DQN,full_run_train_20260531_125332,,164,300,335,-1.3651931871037741,-191.0049115545008,-1.164664094844517,1.0,606.46,1,ok,,DQN\dqn_model
2026-05-31T12:56:13.820640,Learning_DQN,full_run_train_20260531_125332,,165,300,335,-0.5319980720579475,-191.53690962655872,-1.1608297553124771,1.0,606.99,1,ok,,DQN\dqn_model
2026-05-31T12:56:14.894778,Learning_DQN,full_run_train_20260531_125332,,166,300,335,-2.4431879415239304,-193.98009756808227,-1.1685548046270016,1.0,607.86,1,ok,,DQN\dqn_model
2026-05-31T12:56:16.115105,Learning_DQN,full_run_train_20260531_125332,,167,300,335,-0.3046588636243383,-194.28475643170674,-1.16338177504016,1.0,608.43,1,ok,,DQN\dqn_model
2026-05-31T12:56:17.227187,Learning_DQN,full_run_train_20260531_125332,,168,300,335,-0.6111221574977859,-194.89587858920444,-1.1600945154119313,1.0,608.87,1,ok,,DQN\dqn_model
2026-05-31T12:56:18.288858,Learning_DQN,full_run_train_20260531_125332,,169,300,335,-0.24305910211412401,-195.13893769131846,-1.154668270362831,1.0,609.38,1,ok,,DQN\dqn_model
2026-05-31T12:56:19.429532,Learning_DQN,full_run_train_20260531_125332,,170,300,335,-0.40278524977270463,-195.54172294109125,-1.1502454290652426,1.0,609.82,1,ok,,DQN\dqn_model
2026-05-31T12:56:20.632466,Learning_DQN,full_run_train_20260531_125332,,171,300,335,-0.9731236299538761,-196.51484657104515,-1.1492096290704394,1.0,610.26,1,ok,,DQN\dqn_model
2026-05-31T12:56:21.711142,Learning_DQN,full_run_train_20260531_125332,,172,300,335,-0.8129677588479214,-197.327814329893,-1.147254734476122,1.0,610.83,1,ok,,DQN\dqn_model
2026-05-31T12:56:22.870129,Learning_DQN,full_run_train_20260531_125332,,173,300,335,-0.4833366047060023,-197.811150934599,-1.1434170574254277,1.0,611.27,1,ok,,DQN\dqn_model
2026-05-31T12:56:23.997161,Learning_DQN,full_run_train_20260531_125332,,174,300,335,-1.1282099102876801,-198.93936084488652,-1.1433296600280836,1.0,611.84,1,ok,,DQN\dqn_model
2026-05-31T12:56:25.108666,Learning_DQN,full_run_train_20260531_125332,,175,300,335,-0.49073988522410544,-199.43010073011075,-1.1396005756006329,1.0,612.28,1,ok,,DQN\dqn_model
2026-05-31T12:56:26.322070,Learning_DQN,full_run_train_20260531_125332,,176,300,335,-0.6710917731603748,-200.10119250327108,-1.1369385937685856,1.0,612.79,1,ok,,DQN\dqn_model
2026-05-31T12:56:27.432541,Learning_DQN,full_run_train_20260531_125332,,177,300,335,-2.108907411372287,-202.21009991464345,-1.1424299430205844,1.0,613.26,1,ok,,DQN\dqn_model
2026-05-31T12:56:28.539387,Learning_DQN,full_run_train_20260531_125332,,178,300,335,-1.0232117153839024,-203.2333116300274,-1.1417601776967832,1.0,613.67,1,ok,,DQN\dqn_model
2026-05-31T12:56:29.692460,Learning_DQN,full_run_train_20260531_125332,,179,300,335,-1.261594608495743,-204.49490623852307,-1.1424296437906316,1.0,614.23,1,ok,,DQN\dqn_model
2026-05-31T12:56:30.889605,Learning_DQN,full_run_train_20260531_125332,,180,300,335,-1.4930064611837304,-205.98791269970684,-1.144377292776149,1.0,614.68,1,ok,,DQN\dqn_model
2026-05-31T12:56:32.011137,Learning_DQN,full_run_train_20260531_125332,,181,300,335,-1.3663104221296514,-207.3542231218365,-1.14560344266208,1.0,615.25,1,ok,,DQN\dqn_model
2026-05-31T12:56:33.123770,Learning_DQN,full_run_train_20260531_125332,,182,300,335,-1.0092685097010872,-208.36349163153776,-1.144854349623834,1.0,615.71,1,ok,,DQN\dqn_model
2026-05-31T12:56:34.289195,Learning_DQN,full_run_train_20260531_125332,,183,300,335,-0.7886439061750983,-209.1521355377128,-1.142907844468376,1.0,616.2,1,ok,,DQN\dqn_model
2026-05-31T12:56:35.434623,Learning_DQN,full_run_train_20260531_125332,,184,300,335,-1.5324628066036343,-210.68459834431656,-1.1450249910017205,1.0,616.77,1,ok,,DQN\dqn_model
2026-05-31T12:56:36.654192,Learning_DQN,full_run_train_20260531_125332,,185,300,335,-0.8461433131041851,-211.53074165742086,-1.143409414364437,1.0,617.2,1,ok,,DQN\dqn_model
2026-05-31T12:56:37.823831,Learning_DQN,full_run_train_20260531_125332,,186,300,335,-0.377411579395144,-211.90815323681605,-1.1392911464344948,1.0,617.64,1,ok,,DQN\dqn_model
2026-05-31T12:56:38.971777,Learning_DQN,full_run_train_20260531_125332,,187,300,335,-0.7844255188424427,-212.6925787556586,-1.1373934692815968,1.0,618.14,1,ok,,DQN\dqn_model
2026-05-31T12:56:40.118399,Learning_DQN,full_run_train_20260531_125332,,188,300,335,-1.1420748490383832,-213.83465360469688,-1.1374183702377494,1.0,618.64,1,ok,,DQN\dqn_model
2026-05-31T12:56:41.370909,Learning_DQN,full_run_train_20260531_125332,,189,300,335,-0.9174788938059317,-214.75213249850262,-1.1362546693042466,1.0,619.15,1,ok,,DQN\dqn_model
2026-05-31T12:56:42.505095,Learning_DQN,full_run_train_20260531_125332,,190,300,335,-1.1258834229926418,-215.87801592149526,-1.1362000837973434,1.0,619.59,1,ok,,DQN\dqn_model
2026-05-31T12:56:43.627016,Learning_DQN,full_run_train_20260531_125332,,191,300,335,-1.2036744698953508,-217.08169039139065,-1.136553352834506,1.0,620.16,1,ok,,DQN\dqn_model
2026-05-31T12:56:44.785937,Learning_DQN,full_run_train_20260531_125332,,192,300,335,-1.902351241968837,-218.9840416333596,-1.1405418835070813,1.0,620.6,1,ok,,DQN\dqn_model
2026-05-31T12:56:45.985503,Learning_DQN,full_run_train_20260531_125332,,193,300,335,-1.5821562518687087,-220.5661978852284,-1.1428300408561056,1.0,621.1,1,ok,,DQN\dqn_model
2026-05-31T12:56:47.124853,Learning_DQN,full_run_train_20260531_125332,,194,300,335,-1.0635233504411865,-221.62972123566982,-1.142421243482834,1.0,621.6,1,ok,,DQN\dqn_model
2026-05-31T12:56:48.276378,Learning_DQN,full_run_train_20260531_125332,,195,300,335,-2.5818827438331433,-224.21160397950305,-1.149803097330785,1.0,621.98,1,ok,,DQN\dqn_model
2026-05-31T12:56:49.504658,Learning_DQN,full_run_train_20260531_125332,,196,300,335,-2.040877443952783,-226.252481423456,-1.1543493950176327,1.0,622.61,1,ok,,DQN\dqn_model
2026-05-31T12:56:50.645171,Learning_DQN,full_run_train_20260531_125332,,197,300,335,-1.088205630754898,-227.34068705421078,-1.1540136398690903,1.0,623.03,1,ok,,DQN\dqn_model
2026-05-31T12:56:51.861816,Learning_DQN,full_run_train_20260531_125332,,198,300,335,-1.0953342136199782,-228.4360212678307,-1.1537172791304582,1.0,623.55,1,ok,,DQN\dqn_model
2026-05-31T12:56:52.999046,Learning_DQN,full_run_train_20260531_125332,,199,300,335,-0.5261451403879485,-228.9621664082188,-1.1505636502925567,1.0,624.05,1,ok,,DQN\dqn_model
2026-05-31T12:56:54.151465,Learning_DQN,full_run_train_20260531_125332,,200,300,335,-0.12369947400936876,-229.08586588222815,-1.1454293294111408,1.0,624.45,1,ok,,DQN\dqn_model
2026-05-31T12:56:55.365164,Learning_DQN,full_run_train_20260531_125332,,201,300,335,0.23235402629714846,-228.85351185593115,-1.1385746858504038,1.0,625.06,1,ok,,DQN\dqn_model
2026-05-31T12:56:56.650355,Learning_DQN,full_run_train_20260531_125332,,202,300,335,-1.5539211645587327,-230.4074330204899,-1.1406308565370786,1.0,625.5,1,ok,,DQN\dqn_model
2026-05-31T12:56:57.787523,Learning_DQN,full_run_train_20260531_125332,,203,300,335,-0.772813643582318,-231.18024666407229,-1.1388189490840999,1.0,626.06,1,ok,,DQN\dqn_model
2026-05-31T12:56:59.002168,Learning_DQN,full_run_train_20260531_125332,,204,300,335,-1.0790090453780756,-232.25925570945026,-1.1385257632816188,1.0,626.44,1,ok,,DQN\dqn_model
2026-05-31T12:57:00.257025,Learning_DQN,full_run_train_20260531_125332,,205,300,335,-1.8153812688994473,-234.07463697834982,-1.141827497455365,1.0,626.89,1,ok,,DQN\dqn_model
2026-05-31T12:57:01.611343,Learning_DQN,full_run_train_20260531_125332,,206,300,335,-1.3798008295556619,-235.45443780790563,-1.1429827078053671,1.0,627.45,1,ok,,DQN\dqn_model
2026-05-31T12:57:02.855189,Learning_DQN,full_run_train_20260531_125332,,207,300,335,-0.5153779269386284,-235.96981573484453,-1.139950800651423,1.0,627.89,1,ok,,DQN\dqn_model
2026-05-31T12:57:04.090827,Learning_DQN,full_run_train_20260531_125332,,208,300,335,-1.677540998308044,-237.64735673315246,-1.142535368909387,1.0,628.45,1,ok,,DQN\dqn_model
2026-05-31T12:57:05.289888,Learning_DQN,full_run_train_20260531_125332,,209,300,335,-1.1399913049218153,-238.7873480380741,-1.1425231963544216,1.0,628.89,1,ok,,DQN\dqn_model
2026-05-31T12:57:06.584295,Learning_DQN,full_run_train_20260531_125332,,210,300,335,-1.9044937405489601,-240.69184177862292,-1.146151627517252,1.0,629.68,1,ok,,DQN\dqn_model
2026-05-31T12:57:07.782644,Learning_DQN,full_run_train_20260531_125332,,211,300,335,-0.8493317794629152,-241.54117355808586,-1.1447448983795538,1.0,630.18,1,ok,,DQN\dqn_model
2026-05-31T12:57:09.008243,Learning_DQN,full_run_train_20260531_125332,,212,300,335,-1.1507840909667273,-242.69195764905274,-1.1447733851370412,1.0,630.55,1,ok,,DQN\dqn_model
2026-05-31T12:57:10.273585,Learning_DQN,full_run_train_20260531_125332,,213,300,335,-1.403018717064553,-244.09497636611732,-1.145985804535762,1.0,631.12,1,ok,,DQN\dqn_model
2026-05-31T12:57:11.550169,Learning_DQN,full_run_train_20260531_125332,,214,300,335,-1.0541802797957218,-245.14915664591285,-1.1455568067566022,1.0,631.55,1,ok,,DQN\dqn_model
2026-05-31T12:57:12.705569,Learning_DQN,full_run_train_20260531_125332,,215,300,335,-0.7395452336638366,-245.8887018795767,-1.1436683808352404,1.0,632.12,1,ok,,DQN\dqn_model
2026-05-31T12:57:13.900541,Learning_DQN,full_run_train_20260531_125332,,216,300,335,-1.4920413314965508,-247.38074321107325,-1.1452812185697836,1.0,632.54,1,ok,,DQN\dqn_model
2026-05-31T12:57:15.124947,Learning_DQN,full_run_train_20260531_125332,,217,300,335,-0.6346574916707753,-248.01540070274385,-1.1429281138375293,1.0,633.03,1,ok,,DQN\dqn_model
2026-05-31T12:57:16.439560,Learning_DQN,full_run_train_20260531_125332,,218,300,335,-1.6155946991183858,-249.63099540186226,-1.1450963091828543,1.0,633.52,1,ok,,DQN\dqn_model
2026-05-31T12:57:17.621879,Learning_DQN,full_run_train_20260531_125332,,219,300,335,-0.9972709895986223,-250.62826639146058,-1.1444213077235643,1.0,633.99,1,ok,,DQN\dqn_model
2026-05-31T12:57:18.833813,Learning_DQN,full_run_train_20260531_125332,,220,300,335,-0.889543677477147,-251.51781006893762,-1.1432627730406255,1.0,634.52,1,ok,,DQN\dqn_model
2026-05-31T12:57:20.131712,Learning_DQN,full_run_train_20260531_125332,,221,300,335,-1.1256980779817551,-252.64350814691957,-1.1431832947824414,1.0,634.95,1,ok,,DQN\dqn_model
2026-05-31T12:57:21.371737,Learning_DQN,full_run_train_20260531_125332,,222,300,335,-0.5921379102862159,-253.23564605720583,-1.140701108365792,1.0,635.45,1,ok,,DQN\dqn_model
2026-05-31T12:57:22.600435,Learning_DQN,full_run_train_20260531_125332,,223,300,335,-1.731357057908497,-254.96700311511435,-1.143349789753876,1.0,636.0,1,ok,,DQN\dqn_model
2026-05-31T12:57:23.817071,Learning_DQN,full_run_train_20260531_125332,,224,300,335,-1.8089983476460714,-256.7760014627602,-1.146321435101608,1.0,636.38,1,ok,,DQN\dqn_model
2026-05-31T12:57:25.069680,Learning_DQN,full_run_train_20260531_125332,,225,300,335,-0.7798212856202695,-257.55582274838036,-1.1446925455483572,1.0,636.94,1,ok,,DQN\dqn_model
2026-05-31T12:57:26.262158,Learning_DQN,full_run_train_20260531_125332,,226,300,335,-1.0166092534022328,-258.5724320017829,-1.1441258053176233,1.0,637.38,1,ok,,DQN\dqn_model
2026-05-31T12:57:27.586390,Learning_DQN,full_run_train_20260531_125332,,227,300,335,-1.2547164352746007,-259.8271484370572,-1.1446129887095031,1.0,637.87,1,ok,,DQN\dqn_model
2026-05-31T12:57:28.779008,Learning_DQN,full_run_train_20260531_125332,,228,300,335,-0.8575219233632111,-260.68467036042006,-1.1433538173702633,1.0,638.34,1,ok,,DQN\dqn_model
2026-05-31T12:57:30.142234,Learning_DQN,full_run_train_20260531_125332,,229,300,335,-1.866384251996892,-262.55105461241715,-1.1465111555127385,1.0,638.86,1,ok,,DQN\dqn_model
2026-05-31T12:57:31.363786,Learning_DQN,full_run_train_20260531_125332,,230,300,335,-1.3691343704545433,-263.9201889828714,-1.1474790825342236,1.0,639.42,1,ok,,DQN\dqn_model
2026-05-31T12:57:32.650293,Learning_DQN,full_run_train_20260531_125332,,231,300,335,-0.8369386831656669,-264.75712766603755,-1.1461347518010283,1.0,639.86,1,ok,,DQN\dqn_model
2026-05-31T12:57:33.858714,Learning_DQN,full_run_train_20260531_125332,,232,300,335,-0.8331758815669702,-265.59030354760495,-1.1447857911534696,1.0,640.41,1,ok,,DQN\dqn_model
2026-05-31T12:57:35.069427,Learning_DQN,full_run_train_20260531_125332,,233,300,335,-0.95266245604694,-266.5429660036515,-1.1439612274834827,1.0,640.85,1,ok,,DQN\dqn_model
2026-05-31T12:57:36.371728,Learning_DQN,full_run_train_20260531_125332,,234,300,335,-0.9765032244267127,-267.51946922807844,-1.1432455949917881,1.0,641.35,1,ok,,DQN\dqn_model
2026-05-31T12:57:37.726934,Learning_DQN,full_run_train_20260531_125332,,235,300,335,-0.5923392330404114,-268.1118084611189,-1.140901312600506,1.0,641.84,1,ok,,DQN\dqn_model
2026-05-31T12:57:38.967277,Learning_DQN,full_run_train_20260531_125332,,236,300,335,-0.7743469608634255,-268.8861554219826,-1.1393481161948416,1.0,642.27,1,ok,,DQN\dqn_model
2026-05-31T12:57:40.272445,Learning_DQN,full_run_train_20260531_125332,,237,300,335,-0.47075172934321596,-269.35690715132597,-1.1365270343937806,1.0,643.75,1,ok,,DQN\dqn_model
2026-05-31T12:57:41.555457,Learning_DQN,full_run_train_20260531_125332,,238,300,335,-1.02785149960235,-270.38475865092795,-1.1360704144996974,1.0,644.18,1,ok,,DQN\dqn_model
2026-05-31T12:57:42.882856,Learning_DQN,full_run_train_20260531_125332,,239,300,335,-0.5668659965256476,-270.95162464745385,-1.1336888060562922,1.0,644.68,1,ok,,DQN\dqn_model
2026-05-31T12:57:44.143935,Learning_DQN,full_run_train_20260531_125332,,240,300,335,-1.5949504269829926,-272.54657507443693,-1.1356107294768205,1.0,645.18,1,ok,,DQN\dqn_model
2026-05-31T12:57:45.374822,Learning_DQN,full_run_train_20260531_125332,,241,300,335,-0.9510747880928384,-273.4976498625298,-1.1348450201764722,1.0,645.62,1,ok,,DQN\dqn_model
2026-05-31T12:57:46.666704,Learning_DQN,full_run_train_20260531_125332,,242,300,335,-0.6653889200250139,-274.1630387825552,-1.1329051189361785,1.0,646.17,1,ok,,DQN\dqn_model
2026-05-31T12:57:48.019953,Learning_DQN,full_run_train_20260531_125332,,243,300,335,-0.8150343222444113,-274.9780731047995,-1.1315970086617262,1.0,646.61,1,ok,,DQN\dqn_model
2026-05-31T12:57:49.320548,Learning_DQN,full_run_train_20260531_125332,,244,300,335,-0.17422712072818225,-275.1523002255281,-1.1276733615800332,1.0,647.17,1,ok,,DQN\dqn_model
2026-05-31T12:57:50.699926,Learning_DQN,full_run_train_20260531_125332,,245,300,335,-1.4731108328407558,-276.62541105836874,-1.1290833104423215,1.0,647.66,1,ok,,DQN\dqn_model
2026-05-31T12:57:51.943810,Learning_DQN,full_run_train_20260531_125332,,246,300,335,-0.40151292362342794,-277.026923981992,-1.12612570724387,1.0,648.17,1,ok,,DQN\dqn_model
2026-05-31T12:57:53.319970,Learning_DQN,full_run_train_20260531_125332,,247,300,335,-1.335210884763443,-278.3621348667549,-1.126972205938279,1.0,648.7,1,ok,,DQN\dqn_model
2026-05-31T12:57:54.599810,Learning_DQN,full_run_train_20260531_125332,,248,300,335,-1.419807302601309,-279.7819421693564,-1.1281529926183727,1.0,649.1,1,ok,,DQN\dqn_model
2026-05-31T12:57:55.904824,Learning_DQN,full_run_train_20260531_125332,,249,300,335,-1.5387800747048503,-281.3207222440613,-1.1298020973657081,1.0,649.66,1,ok,,DQN\dqn_model
2026-05-31T12:57:57.199301,Learning_DQN,full_run_train_20260531_125332,,250,300,335,-0.8395622338250548,-282.16028447788614,-1.1286411379115446,1.0,650.1,1,ok,,DQN\dqn_model
2026-05-31T12:57:58.568865,Learning_DQN,full_run_train_20260531_125332,,251,300,335,-0.44424453203708214,-282.6045290099226,-1.125914458206863,1.0,650.59,1,ok,,DQN\dqn_model
2026-05-31T12:57:59.832633,Learning_DQN,full_run_train_20260531_125332,,252,300,335,-0.9061636062134603,-283.51069261613554,-1.1250424310164109,1.0,651.07,1,ok,,DQN\dqn_model
2026-05-31T12:58:01.180001,Learning_DQN,full_run_train_20260531_125332,,253,300,335,-1.2327003075690683,-284.74339292370456,-1.1254679562201761,1.0,651.53,1,ok,,DQN\dqn_model
2026-05-31T12:58:02.574792,Learning_DQN,full_run_train_20260531_125332,,254,300,335,-2.810330598112393,-287.5537235218167,-1.13210127370794,1.0,652.09,1,ok,,DQN\dqn_model
2026-05-31T12:58:03.833766,Learning_DQN,full_run_train_20260531_125332,,255,300,335,-1.241740917654229,-288.79546443947044,-1.1325312330959625,1.0,652.53,1,ok,,DQN\dqn_model
2026-05-31T12:58:05.137039,Learning_DQN,full_run_train_20260531_125332,,256,300,335,-1.8143725013883771,-290.6098369408588,-1.1351946755502298,1.0,653.03,1,ok,,DQN\dqn_model
2026-05-31T12:58:06.454599,Learning_DQN,full_run_train_20260531_125332,,257,300,335,-1.299259275065775,-291.9090962159245,-1.1358330592059318,1.0,653.52,1,ok,,DQN\dqn_model
2026-05-31T12:58:07.797645,Learning_DQN,full_run_train_20260531_125332,,258,300,335,-0.3477544712935465,-292.25685068721793,-1.1327784910357284,1.0,654.02,1,ok,,DQN\dqn_model
2026-05-31T12:58:09.064317,Learning_DQN,full_run_train_20260531_125332,,259,300,335,-0.8071831233423497,-293.06403381056055,-1.1315213660639403,1.0,654.52,1,ok,,DQN\dqn_model
2026-05-31T12:58:10.381523,Learning_DQN,full_run_train_20260531_125332,,260,300,335,-1.0616791906118508,-294.1257130011725,-1.131252742312202,1.0,654.95,1,ok,,DQN\dqn_model
2026-05-31T12:58:11.691504,Learning_DQN,full_run_train_20260531_125332,,261,300,335,-1.101934094771486,-295.22764709594423,-1.1311404103292884,1.0,655.52,1,ok,,DQN\dqn_model
2026-05-31T12:58:13.116137,Learning_DQN,full_run_train_20260531_125332,,262,300,335,-1.138906236805362,-296.36655333274933,-1.1311700508883562,1.0,655.95,1,ok,,DQN\dqn_model
2026-05-31T12:58:14.447010,Learning_DQN,full_run_train_20260531_125332,,263,300,335,-1.1313410359667753,-297.4978943687162,-1.1311707010217344,1.0,656.46,1,ok,,DQN\dqn_model
2026-05-31T12:58:15.730769,Learning_DQN,full_run_train_20260531_125332,,264,300,335,-0.7652642558919517,-298.2631586246086,-1.129784691759881,1.0,656.95,1,ok,,DQN\dqn_model
2026-05-31T12:58:17.082858,Learning_DQN,full_run_train_20260531_125332,,265,300,335,-1.0549601281792076,-299.31811875278794,-1.1295023349161808,1.0,657.38,1,ok,,DQN\dqn_model
2026-05-31T12:58:18.506948,Learning_DQN,full_run_train_20260531_125332,,266,300,335,-1.34538814144565,-300.66350689423365,-1.1303139356926077,1.0,658.62,1,ok,,DQN\dqn_model
2026-05-31T12:58:19.831257,Learning_DQN,full_run_train_20260531_125332,,267,300,335,-2.021791535183831,-302.6852984294177,-1.1336528031064332,1.0,659.06,1,ok,,DQN\dqn_model
2026-05-31T12:58:21.202780,Learning_DQN,full_run_train_20260531_125332,,268,300,335,-1.3522602898415896,-304.03755871925927,-1.1344685026838033,1.0,659.55,1,ok,,DQN\dqn_model
2026-05-31T12:58:22.585303,Learning_DQN,full_run_train_20260531_125332,,269,300,335,-1.2871815616698525,-305.32474028092895,-1.1350362092227841,1.0,660.05,1,ok,,DQN\dqn_model
2026-05-31T12:58:23.936177,Learning_DQN,full_run_train_20260531_125332,,270,300,335,-1.0978130402795636,-306.42255332120817,-1.1348983456341044,1.0,660.61,1,ok,,DQN\dqn_model
2026-05-31T12:58:25.250144,Learning_DQN,full_run_train_20260531_125332,,271,300,335,-1.0262530191279662,-307.4488063403361,-1.134497440370244,1.0,661.06,1,ok,,DQN\dqn_model
2026-05-31T12:58:26.683222,Learning_DQN,full_run_train_20260531_125332,,272,300,335,-0.34523993895446686,-307.7940462792906,-1.131595758379745,1.0,661.48,1,ok,,DQN\dqn_model
2026-05-31T12:58:28.096248,Learning_DQN,full_run_train_20260531_125332,,273,300,335,-0.6054914680671277,-308.39953774735744,-1.1296686364372068,1.0,662.09,1,ok,,DQN\dqn_model
2026-05-31T12:58:29.432707,Learning_DQN,full_run_train_20260531_125332,,274,300,335,-1.398408923558065,-309.7979466709155,-1.130649440404801,1.0,662.53,1,ok,,DQN\dqn_model
2026-05-31T12:58:30.772823,Learning_DQN,full_run_train_20260531_125332,,275,300,335,-0.9983695541290234,-310.7963162250447,-1.130168422636526,1.0,663.02,1,ok,,DQN\dqn_model
2026-05-31T12:58:32.121662,Learning_DQN,full_run_train_20260531_125332,,276,300,335,-1.8878333662807711,-312.6841495913254,-1.1329135854758168,1.0,663.53,1,ok,,DQN\dqn_model
2026-05-31T12:58:33.565838,Learning_DQN,full_run_train_20260531_125332,,277,300,335,-0.8586978700051571,-313.54284746133055,-1.1319236370445147,1.0,663.96,1,ok,,DQN\dqn_model
2026-05-31T12:58:34.873149,Learning_DQN,full_run_train_20260531_125332,,278,300,335,-0.6882290149771465,-314.23107647630775,-1.1303276132241287,1.0,664.52,1,ok,,DQN\dqn_model
2026-05-31T12:58:36.250011,Learning_DQN,full_run_train_20260531_125332,,279,300,335,-1.469914608470988,-315.70099108477905,-1.1315447709131865,1.0,665.01,1,ok,,DQN\dqn_model
2026-05-31T12:58:37.640917,Learning_DQN,full_run_train_20260531_125332,,280,300,335,-0.8533294790563409,-316.5543205638354,-1.1305511448708407,1.0,665.46,1,ok,,DQN\dqn_model
2026-05-31T12:58:39.086068,Learning_DQN,full_run_train_20260531_125332,,281,300,335,-1.1405944440724185,-317.6949150079081,-1.130586886149139,1.0,666.01,1,ok,,DQN\dqn_model
2026-05-31T12:58:40.404439,Learning_DQN,full_run_train_20260531_125332,,282,300,335,-0.8274648135350908,-318.52237982144305,-1.1295119851824222,1.0,666.45,1,ok,,DQN\dqn_model
2026-05-31T12:58:41.815509,Learning_DQN,full_run_train_20260531_125332,,283,300,335,-0.610480899617161,-319.1328607210603,-1.1276779530779515,1.0,667.04,1,ok,,DQN\dqn_model
2026-05-31T12:58:43.244033,Learning_DQN,full_run_train_20260531_125332,,284,300,335,-1.1437959750853,-320.2766566961452,-1.1277347066765677,1.0,667.48,1,ok,,DQN\dqn_model
2026-05-31T12:58:44.616145,Learning_DQN,full_run_train_20260531_125332,,285,300,335,-0.7082802076653986,-320.9849369038107,-1.126262936504599,1.0,668.0,1,ok,,DQN\dqn_model
2026-05-31T12:58:45.917997,Learning_DQN,full_run_train_20260531_125332,,286,300,335,-0.9345626144211645,-321.9194995182321,-1.1255926556581541,1.0,668.44,1,ok,,DQN\dqn_model
2026-05-31T12:58:47.332204,Learning_DQN,full_run_train_20260531_125332,,287,300,335,-1.0492019012798268,-322.9687014195117,-1.125326485782271,1.0,668.94,1,ok,,DQN\dqn_model
2026-05-31T12:58:48.771018,Learning_DQN,full_run_train_20260531_125332,,288,300,335,-0.584757611389241,-323.5534590309009,-1.1234495105239615,1.0,669.43,1,ok,,DQN\dqn_model
2026-05-31T12:58:50.170689,Learning_DQN,full_run_train_20260531_125332,,289,300,335,3.75396407743931,-319.7994949534616,-1.106572646897791,1.0,669.87,1,ok,,DQN\dqn_model
2026-05-31T12:58:51.541489,Learning_DQN,full_run_train_20260531_125332,,290,300,335,-2.106157746141149,-321.905652699603,-1.1100194920675965,1.0,670.43,1,ok,,DQN\dqn_model
2026-05-31T12:58:53.052965,Learning_DQN,full_run_train_20260531_125332,,291,300,335,-1.384118590970041,-323.2897712905732,-1.1109614133696672,1.0,670.89,1,ok,,DQN\dqn_model
2026-05-31T12:58:54.440584,Learning_DQN,full_run_train_20260531_125332,,292,300,335,-0.9009915689688891,-324.1907628595415,-1.1102423385600737,1.0,671.39,1,ok,,DQN\dqn_model
2026-05-31T12:58:55.837840,Learning_DQN,full_run_train_20260531_125332,,293,300,335,-1.0873494732045976,-325.27811233274605,-1.110164205913809,1.0,671.9,1,ok,,DQN\dqn_model
2026-05-31T12:58:57.274149,Learning_DQN,full_run_train_20260531_125332,,294,300,335,-0.9660425861938975,-326.24415491894007,-1.1096739963229254,1.0,672.4,1,ok,,DQN\dqn_model
2026-05-31T12:58:58.780584,Learning_DQN,full_run_train_20260531_125332,,295,300,335,-1.3085220051786886,-327.5526769241191,-1.1103480573698954,1.0,672.97,1,ok,,DQN\dqn_model
2026-05-31T12:59:00.165354,Learning_DQN,full_run_train_20260531_125332,,296,300,335,-1.5178721442823417,-329.07054906840153,-1.111724827933789,1.0,673.41,1,ok,,DQN\dqn_model
2026-05-31T12:59:01.533968,Learning_DQN,full_run_train_20260531_125332,,297,300,335,-1.4774971806402917,-330.54804624904193,-1.1129563846769088,1.0,673.92,1,ok,,DQN\dqn_model
2026-05-31T12:59:03.023343,Learning_DQN,full_run_train_20260531_125332,,298,300,335,-1.110934531779548,-331.65898078082154,-1.1129495999356427,1.0,674.36,1,ok,,DQN\dqn_model
2026-05-31T12:59:04.493280,Learning_DQN,full_run_train_20260531_125332,,299,300,335,-1.2792902371055155,-332.9382710179271,-1.11350592313688,1.0,675.24,1,ok,,DQN\dqn_model
2026-05-31T12:59:05.817676,Learning_DQN,full_run_train_20260531_125332,,300,300,335,-0.997761231336568,-333.93603224926403,-1.1131201074975468,1.0,675.74,1,ok,,DQN\dqn_model
